Titulo,Precio,Provincia,Lugar,Num. dormitorios,Num. banos,Area,Num. garages
Hermoso departamento de arriendo sector iñaquito,500,Pichincha,"Pichincha, Iñaquito, Quito, Ecuador",2,2,95,1
Hermosa suite de arriendo sector iñaquito,375,Pichincha,"Pichincha, Quito, Ecuador",1,1,65,1
Hermoso departamento de oportunidad de arriendo sector Republica del Salvador,650,Pichincha,"Pichincha, Av. República de El Salvador, Quito 170135, Ecuador",2,2,120,1
Hermoso departamento de arriendo de 240 metros Ponceano alto 3 dormitorios $560,560,Pichincha,"Pichincha, Albert Einstein, Quito, Ecuador",3,3,240,2
Hermoso departamento de arriendo de oportunidad en la urbanizacion El Condado,580,Pichincha,"Pichincha, Urbanización El Condado, Calle C, Quito, Ecuador",3,4,128,2
Hermosa suite de arriendo de oportunidad sector Quito Tenis,460,Pichincha,"Pichincha, Quito Tenis, Quito, Ecuador",1,1,58,1
Hermoso departamento en renta sector Quito Tenis,435,Pichincha,"Pichincha, Quito Tenis, Quito 170104, Ecuador",2,2,98,1
Hermoso departamento de arriendo en la Urb. El condado,750,Pichincha,"Pichincha, VGW2+Q5J, Quito 170134, Ecuador",3,3,190,1
Hermosa suite amoblada de arriendo sector Quito Tenis,570,Pichincha,"Pichincha, Quito Tenis, Quito 170104, Ecuador",1,1,61,1
Hermoso departamento en renta/venta sector Quito Tenis,1800,Pichincha,"Pichincha, Quito Tenis, Quito 170104, Ecuador",4,3,380,3
Hermosa suite de arriendo de oportunidad sector Quito Tenis,500,Pichincha,"Pichincha, Quito Tenis, Quito 170104, Ecuador",1,1,70,1
Hermoso departamento de arriendo sector Santa Lucía dos dormitorios de oportunidad,360,Pichincha,"Pichincha, Santa Lucia, Quito, Ecuador",2,2,105,1
Hermoso departamento de arriendo sector Catolica 3 dormitorios de oportunidad,560,Pichincha,"Pichincha, Católica, Quito, Ecuador",3,3,120,1
Hermoso departamento de arriendo duplex ponceano alto,450,Pichincha,"Pichincha, Ponceano Alto, Quito, Ecuador",3,3,130,1
Hermosa casa de arriendo de oportunidad sector Santa Lucía 3 dormitorios,550,Pichincha,"Pichincha, Santa Lucia, Quito, Ecuador",3,3,140,2
Hermoso departamento de arriendo de oportunidad 3 dormitorios Ponceano alto,400,Pichincha,"Pichincha, Ponceano Alto, Quito, Ecuador",3,2,105,1
Hermoso departamento de arriendo de oportunidad sector Monteserrin 2 dormitorios,400,Pichincha,"Pichincha, Monteserrin, Quito, Ecuador",2,2,90,1
Casa en renta con patio! Casa de arriendo Pomasqui 3 dormitorios 2 plantas,400,Pichincha,"Pichincha, Pomasqui, Quito, Ecuador",3,3,100,2
Hermosa casa de arriendo sector Ponceano colegio Einstein,600,Pichincha,"Pichincha, Ponceano Alto, Quito, Ecuador",4,3,130,2
Hermoso departamento de arriendo sector Carolina Alianza Francesa,550,Pichincha,"Pichincha, La Carolina, Quito, Ecuador",3,2,110,1
Hermoso departamento de arriendo de oportunidad sector Quicentro Megamaxi,500,Pichincha,"Pichincha, Quicentro Shopping, Avenida de los Shyris, Quito, Ecuador",2,2,100,1
Hermoso departamento de arriendo amoblado González Suárez,600,Pichincha,"Pichincha, Gonzalez Suarez, Quito, Ecuador",2,3,90,1
Hermoso departamento de arriendo sector El Bosque,690,Pichincha,"Pichincha, El Bosque, Quito, Ecuador",3,2,120,1
Hermosa suite amoblada de arriendo sector Quito Tennis,450,Pichincha,"Pichincha, Quito Tenis, Quito, Ecuador",1,2,75,1
"Departamento de Arriendo , Excelente Ubicación",600,Pichincha,"Pichincha, Av. Eloy Alfaro, Quito, Ecuador",3,2,160,1
Hermoso Departamento de Arriendo con vista espectacular y ubicación excepcional,700,Pichincha,"Pichincha, Av. Eloy Alfaro en la ciudad de Quito",3,3,150,2
"Arriendo Excelente Departamento Con 3 Terrazas, Sector Granda Centeno",1200,Pichincha,"Pichincha, Juan José de Villalengua, Quito, Ecuador",4,4,350,2
Se arrienda local comercial grande,600,Pichincha,"Pichincha, Machachi, Ecuador",NaN,NaN,90,NaN
Amplio Local de Arriendo Con Ubicación Privelegiada,8000,Pichincha,"Pichincha, Av. de los Shyris, Quito, Ecuador",NaN,9,1000,13
Local Comercial de Renta en Excelente ubicación,1200,Pichincha,"Pichincha, Av. de los Shyris, Quito, Ecuador",NaN,1,100,1
DEPARTAMENTO DE 3 DORMITORIOS EN PONCEANO,460,Pichincha,"Pichincha, Mariano Paredes, Quito, Ecuador",3,2,115,2
Arriendo Bonito Departamento Sector Bosmediano,550,Pichincha,"Pichincha, Jose Bosmediano, Quito, Ecuador",3,2,92,2
Rento Penthouse Sector norte de Quito,2000,Pichincha,"Pichincha, Luxemburgo, Quito, Ecuador",5,5,300,3
Suite amoblada Av.Diego de Almagro y Juan Severino,680,Pichincha,"Pichincha, Diego de Almagro, Quito, Ecuador",1,2,51,1
SE ARRIENDA MINIDEPARTAMENTO NORTE DE QUITO,115,Pichincha,"Pichincha, Comité del Pueblo, Quito, Ecuador",3,1,80,NaN
“Rento amplio departamento en la Carolina”,520,Pichincha,"Pichincha, Av. Atahualpa & Iñaquito, Quito, Ecuador",3,2,150,1
“Rento departamento en sector la Carolina”,750,Pichincha,"Pichincha, Catalina de Aldaz & Av. Portugal, Quito, Ecuador",2,2,87,1
"“Rento Departamento Amoblado, Sector La Carolina”",1390,Pichincha,"Pichincha, Catalina de Aldaz & Avenida Portugal, Quito, Ecuador",3,3,126,1
“Rento Oficina-Consultorio en la Marina de Jesús”,520,Pichincha,"Pichincha, Calle B & San Gabriel, Quito, Ecuador",NaN,NaN,84,2
RENTO DEPARTAMENTO EN EL CONJUNTO SAN MARTIN,450,Pichincha,"Pichincha, Hernandez de Giron & Pedregal, Quito, Ecuador",2,1,69,1
"En Renta Casa en Conj Terracota B, Sangolquí",350,Pichincha,"Pichincha, Conjunto Habitacional Terracota B, Venezuela, Sangolquí, Ecuador",2,2,90,1
"LOCAL COMERCIAL EN ARRIENDO, AV.6 DE DIC. -QUITO",1200,Pichincha,"Pichincha, Av. 6 de Diciembre, Quito, Ecuador",NaN,NaN,186,NaN
"RENTA HERMOSO DEPARTAMENTO DÚPLEX, USHIMANA",380,Pichincha,"Pichincha, Ushimana, Quito, Ecuador",3,2,145,2
OFICINAS EN RENTA SECTOR REPÚBLICA DEL SALVADOR,2800,Pichincha,"Pichincha, Av. Republica del Salvador & Moscú, Quito, Ecuador",NaN,3,216,3
EN RENTA LOCAL COMERCIAL SECTOR COLIBRÍ SANGOLQUÍ,800,Pichincha,"Pichincha, El Colibrí, Avenida General Rumiñahui, Sangolquí, Ecuador",NaN,NaN,101,2
"OFICINAS DE RENTA 143 M2, SECTOR IÑAQUITO",650,Pichincha,"Pichincha, Av. Gaspar de Villarroel & Av. Amazonas, Quito, Ecuador",NaN,NaN,143,1
EN RENTA LOCAL COMERCIAL SECTOR COLIBRÍ SANGOLQUÍ,800,Pichincha,"Pichincha, Del Colibrí, Sangolquí, Ecuador",NaN,NaN,100,1
AMPLIAS BODEGAS DE RENTA PUSUQUÍ SECTOR 4 ESQUINAS,380,Pichincha,"Pichincha, Av. Manuel Córdova Galarza, Quito, Ecuador",NaN,NaN,90,1
LOCAL U OFICINA DE RENTA PUSUQUÍ SECTOR 4 ESQUINAS,180,Pichincha,"Pichincha, Av. Manuel Córdova Galarza, Quito, Ecuador",NaN,1,15,1
AMPLIO LOCAL COMERCIAL DE RENTA PUSUQUÍ,350,Pichincha,"Pichincha, Av. Manuel Córdova Galarza, Quito, Ecuador",NaN,NaN,32,1
DEPARTAMENTO DE 2 DORMITORIOS SECTOR LA PRADERA,550,Pichincha,"Pichincha, Diego de Almagro & Alpallana, Quito, Ecuador",2,1,72,2
REACTIVA TU NEGOCIO- CENTRO DE LATACUNGA,120,Cotopaxi,"Cotopaxi, Latacunga, Ecuador",NaN,NaN,48,NaN
Arriendo Galpón Industrial/ Bodega. Sector Parques del Recuerdo Norte,2800,Pichincha,"Pichincha, Juncal, Quito, Ecuador",NaN,NaN,954,NaN
RENTO DEPARTAMENTO DE 2 DORMITORIOS,350,Pichincha,"Pichincha, De Las Frutillas, Quito, Ecuador",2,2,74,1
Arriendo local comercial dúplex en La Mariscal,1600,Pichincha,"Pichincha, Diego de Almagro & La Pinta, Quito, Ecuador",NaN,NaN,75,NaN
ARRIENDO SUITE AMOBLADA EN EL QUITO TENIS,750,Pichincha,"Pichincha, Quito Tenis, Quito, Ecuador",1,1,125,1
Quieres rentar consultorio Hospital de los Valles?,350,Pichincha,"Pichincha, Av. Interoceánica, Quito, Ecuador",NaN,NaN,43,1
DEPARTAMENTO TRES DORMITORIOS SECTOR EL BOSQUE,650,Pichincha,"Pichincha, Av. Brasil & El Condor, Quito, Ecuador",3,3,190,2
¿Buscas rentar un departamento en Mastodontes?,350,Pichincha,"Pichincha, Av Jaime Roldós Aguilera, Quito, Ecuador",3,1,125,1
Arriendo consultorio en la Clínica Pichincha,350,Pichincha,"Pichincha, Avenida General Ignacio de Veintimilla & 9 de Octubre, Quito, Ecuador",NaN,NaN,30,NaN
"TERRENO EN RENTA 3350 M2, SAN ANTONIO DE PICHINCHA",1200,Pichincha,"Pichincha, San Antonio De Pichincha, Quito, Ecuador",NaN,NaN,3350,NaN
EN RENTA – ÁREA COMERCIAL VÍA AMAGUAÑA TAMBILLO,150,Pichincha,"Pichincha, Tambillo, Ecuador",NaN,NaN,143,3
"CASA DE ARRIENDO 189 M2, SECTOR DE CONOCOTO",1000,Pichincha,"Pichincha, Polit Lasso, Quito, Ecuador",5,3,180,1
Departamento Amplio en el Norte de Quito,350,Pichincha,"Pichincha, Jorge Piedra Y Gonzalo Gallo, Quito, Ecuador",4,3,100,NaN
LOCAL EN RENTA SAN ISIDRO la California Alta y E16 Conjunto Mirador de Amagasí,200,Pichincha,"Pichincha, California Alta & Calle E16, Conjunto Habitacional Mirador de Amagasí, Quito, Ecuador",NaN,1,23,NaN
"OFICINAS DE ARRIENDO 200 M2, SECTOR IÑAQUITO",1500,Pichincha,"Pichincha, Avenida Gaspar de Villaroel & Japón, Quito, Ecuador",NaN,NaN,200,4
LOCAL COMERCIAL DE ARRIENDO 80 M2 SECTOR AMERICA,400,Pichincha,"Pichincha, Buenos Aires & Estados Unidos, Quito, Ecuador",NaN,NaN,80,NaN
Departamento Amplio en el Norte de Quito,380,Pichincha,"Pichincha, Callde de los Guabos y de las Cucardas, sector el Inca",3,2,120,1
Local en Renta Terracota,450,Pichincha,"Pichincha, Sangolquí, Ecuador",NaN,1,110,NaN
Hermoso departamento Remodelado centro norte,480,Pichincha,"Pichincha, Sector Mariana de Jesús, Calle Nuño de Valderrama y Mariana de Jesús",2,3,115,1
DEPARTAMENTO EN RENTA EN LA DIEGO DE ALMAGRO,100,Pichincha,"Pichincha, Whymper & Diego de Almagro, Quito 170517, Ecuador",2,2,1,1
ARRIENDO OFICINA EN SANGOLQUI VALLE DE LOS CHILLOS,230,Pichincha,"Pichincha, Sangolquí, Ecuador",NaN,1,53,NaN
"RENTA AMPLIO DEPARTAMENTO 3D, ORIENTE QUITEÑO",1500,Pichincha,"Pichincha, Quiteño Libre & Fernando Ayarza, Quito, Ecuador",3,4,196,2
SUITE AMOBLADA DE RENTA TUMBACO,650,Pichincha,"Pichincha, Tumbaco, Quito, Ecuador",1,1,70,1
"OFICINAS DE ARRIENDO 210 M2, SECTOR COMERCIAL NORTE",500,Pichincha,"Pichincha, Cuero y Caicedo, Quito, Ecuador",NaN,2,210,2
"RENTA AMPLIO LOCAL 225 m2 DUPLEX, EDIFICIO FORESTA",1800,Pichincha,"Pichincha, Alonso De Torres & Av. Edmundo Carvajal, Quito 170132, Ecuador",NaN,NaN,253,3
BODEGA DE ARRIENDO 500m2 EN EL INCA BUENOS AIRES,1350,Pichincha,"Pichincha, San Isidro del Inca, Quito, Ecuador",NaN,NaN,500,4
HERMOSA Y CONFORTABLE CASA EN RENTA LA PAMPA,600,Pichincha,"Pichincha, La Pampa, Quito, Ecuador",3,2,137,2
EXCELENTE DEPARTAMENTO SECTOR “QUICENTRO SHOPPING”,600,Pichincha,"Pichincha, Quicentro Shopping, Avenida 6 de Diciembre, Quito, Ecuador",4,3,240,2
"EN RENTA DEPARTAMENTO, CONJUNTO DIVINO NIÑO",120,Pichincha,"Pichincha, Turubamaba, Ecuador",2,1,48,NaN
ARRIENDO BODAGA EN EL SECTOR DE FAJARDO,1300,Pichincha,"Pichincha, Avenida Puruhaes, Quito, Ecuador",NaN,NaN,324,5
ARRIENDO BODEGA EN EL SECTOR DE FAJARDO,1300,Pichincha,"Pichincha, Avenida Puruhaes, Quito, Ecuador",NaN,NaN,324,NaN
SUITE AMOBLADA DE ALQUILER EN LA PRADERA,550,Pichincha,"Pichincha, La Pradera, Quito, Ecuador",1,1,72,1
duplex en arriendo puente dos,400,Pichincha,"Pichincha, Autopista General Rumiñahui, Quito, Ecuador",4,5,300,1
ARRIENDO MINI DEPARTAMENTO EN PUERTO FRANCISCO DE ORELLANA,150,Orellana,"Orellana, San Sebastián del Coca, Ecuador",1,1,28,2
Hermosa casa de arriendo sector Ponceano de oportunidad $580,580,Pichincha,"Pichincha, Albert Einstein, Quito, Ecuador",3,3,180,2
Hermoso departamento de arriendo sector Ponceano alto 3 dormitorios de oportunidad $380,380,Pichincha,"Pichincha, Ponceano Alto, Quito, Ecuador",3,3,110,1
Casa en arriendo Los Ceibos Ibarra,480,Imbabura,"Imbabura, Calle Río Chimbo 7-63 y Río Palora",4,3,140,1
Alquilo moderno departamento en Kennedy Norte Guayaquil,600,Guayas,"Guayas, Kennedy Norte, Guayaquil, Ecuador",2,2,68,1
Se Renta Excelente Local Comercial Por Estrenar Sector San Gabriel,520,Pichincha,"Pichincha, Hernandez de Giron, Quito, Ecuador",NaN,1,57,1
Arriendo Departamento Cerca Universidad Central,300,Pichincha,"Pichincha, Humberto Albornoz, Quito, Ecuador",3,1,90,NaN
EN RENTA OFICINA – CONSULTORIO MÉDICO – LA PRADERA,265,Pichincha,"Pichincha, Alemania & Av. Eloy Alfaro, Quito, Ecuador",NaN,1,34,NaN
EN RENTA DEPARTAMENTO AMOBLADO,350,Pichincha,"Pichincha, Antiguo Aeropuerto, Quito, Ecuador",2,1,50,NaN
DEPARTAMENTO EN SAIBA,500,Guayas,"Guayas, Ciudadela Saiba, Guayaquil, Ecuador",3,3,120,NaN
RENTA DEPARTAMENTO DE 2 DORMITORIOS URB. PUERTO AZUL VIA LA COSTA GUAYAQUIL ECUADOR,600,Guayas,"Guayas, Urbanización Puerto Azul, Guayaquil, Ecuador",2,4,68,1
Hermosa suite de arriendo con Línea blanca de oportunidad sector el bosque $480 incluido Alicuota,480,Pichincha,"Pichincha, El Bosque, Quito, Ecuador",1,2,70,1
Hermoso departamento de arriendo de oportunidad sector Hospital Metropolitano 3 dormitorios precio $450,450,Pichincha,"Pichincha, Hospital Metropolitano, Avenida Mariana de Jesús, Quito, Ecuador",3,2,97,1
Hermoso departamento de arriendo de oportunidad sector Pomasqui 2 dormitorios,280,Pichincha,"Pichincha, Pomasqui, Quito, Ecuador",2,1,80,1
SE RENTA LOCAL Y OFICINA EN BELLAVISTA DE CALDERON,690,Pichincha,"Pichincha, Bellavista, Calderon, Quito, Ecuador",NaN,2,140,NaN
LOCAL GRANDE E IDEAL PARA FRANQUICIA o RESTAURANTE,3500,Pichincha,"Pichincha, Juan León Mera, Quito, Ecuador",NaN,3,410,NaN
DEPARTAMENTO EN SAIBA,500,Guayas,"Guayas, Ciudadela Saiba, Guayaquil, Ecuador",3,2,150,NaN
SE ARRIENDA GALPON 390 M2 EN PONCEANO,1650,Pichincha,"Pichincha, Ponceano, Ecuador",NaN,1,390,2
SE RENTA SUITE 95m2 SECTOR BELLAVISTA,580,Pichincha,"Pichincha, Bellavista, Quito, Ecuador",1,2,95,1
OFICINA EN RENTA A POCOS METROS DEL SAN LUIS,350,Pichincha,"Pichincha, Av San Luis, Quito, Ecuador",1,1,50,1
Departamento 3 dormitorios en Arriendo,350,Pichincha,"Pichincha, Núñez de Bonilla 286-340, Quito, Ecuador",3,2,140,1
DEPARTAMENTO EN ARRIENDO SAIBA,500,Guayas,"Guayas, Ciudadela Saiba, Guayaquil, Ecuador",3,NaN,120,NaN
ARRIENDO O VENDO 1600 m2 GALPON COMERCIAL,3500,Pichincha,"Pichincha, Bellavista Y Las Lagunas, Quito, Ecuador",NaN,6,1600,22
"2 DORMITORIOS, PLANTA BAJA",200,Pichincha,"Pichincha, Chontamarca, Ecuador",2,1,100,1
Departamento amoblado de Renta en la Coruña,1100,Pichincha,"Pichincha, Avenida La Coruña & Valladolid, Quito, Ecuador",3,2,100,1
Oficina en renta Sector la Carolina,700,Pichincha,"Pichincha, Avenida Republica del Salvador, Quito, Ecuador",1,1,58,1
OFICINA EN RENTA SECTOR LA COLÓN,220,Pichincha,"Pichincha, Av. 10 de Agosto & Javier Ascazubi, Quito, Ecuador",1,1,60,1
OFICINA IDEAL REACTIVATE- LA COLÓN,300,Pichincha,"Pichincha, Av. 10 de Agosto & Javier Ascazubi, Quito, Ecuador",1,1,80,1
BONITO LOCAL COMERCIAL DE ALQUILER CAPELO,120,Pichincha,"Pichincha, Capelo, Quito, Ecuador",NaN,1,30,2
Departamento 2D Renta sector La Kennedy,220,Pichincha,"Pichincha, La Kennedy, Quito, Ecuador",2,1,45,NaN
HERMOSO LOFT DE ARRIENDO EN LA LEONIDAS PLAZA,500,Pichincha,"Pichincha, Leonidas Plaza Gutierrez, Quito, Ecuador",1,1,17,1
EN RENTA LOCAL COMERCIAL SECTOR SAN RAFAEL,250,Pichincha,"Pichincha, San Rafael, Ecuador",NaN,NaN,45,3
DE ALQUILER BODEGA EN EL COLIBRÍ,1000,Pichincha,"Pichincha, Sangolqui, Sangolquí, Ecuador",NaN,NaN,200,NaN
Hostel en Renta Sector el Chaupi,700,Pichincha,"Pichincha, El Chaupi, El chaupi, Ecuador",8,5,783,15
Departamento con Terraza Privada. Sector Mall del Sur .,300,Guayas,"Guayas, Ciudadela Moran Valverde",2,1,70,NaN
SE RENTA EDIFICIO SECTOR ESTRATEGICO EN LATACUNGA,3700,Cotopaxi,"Cotopaxi, Latacunga, Cotopaxi, Ecuador",NaN,NaN,100,NaN
SUITE AMOBLADA EN LA DIEGO DE ALMAGRO Y ALPALLANA,400,Pichincha,"Pichincha, Diego de Almagro & Alpallana, Quito, Ecuador",1,1,87,NaN
VENDO TERRENOS EN PUEMBO,125,Pichincha,"Pichincha, Puembo, Ecuador",NaN,NaN,NaN,NaN
Bodega en Renta Parque industrial Sangolquí,2500,Pichincha,"Pichincha, Sangolqui, Sangolquí, Ecuador",NaN,NaN,640,NaN
LOCAL U OFICINA EN EL EDIFICIO WORL TRADE CENTER,590,Pichincha,"Pichincha, Edificio World Trade Center, Avenue 12 de Octubre, Quito, Ecuador",NaN,NaN,75,NaN
DEPARTAMENTO DE ARRIENDO GONZALEZ SUAREZ,750,Pichincha,"Pichincha, Gonzalez Suarez, Quito, Ecuador",4,4,200,1
DEPARTAMENTO DE ARRIENDO EN COTOCOLLAO,300,Pichincha,"Pichincha, Cotocollao, Quito, Ecuador",3,2,120,1
SUITE DE ARRIENDO AMOBLADA,450,Pichincha,"Pichincha, Avenida Republica del Salvador, Quito, Ecuador",1,1,65,1
Arriendo departamento en el centro de Babahoyo,220,Los Rios,"Los Rios, Calle 18 de Mayo, Babahoyo, Ecuador",2,1,87,NaN
Departamento a estrenar en el centro de Babahoyo,240,Los Rios,"Los Rios, Calle 18 de Mayo, Babahoyo, Ecuador",2,1,90,NaN
ALQUILER DEPARTAMENTO CENTRO BABAHOYO,240,Los Rios,"Los Rios, Calle 18 de Mayo, Babahoyo, Ecuador",2,1,90,NaN
ARRIENDO CASA EN CUMBAYA COLEGIO MENOR,2600,Pichincha,"Pichincha, Cumbayá, Quito, Ecuador",4,4,470,6
HERMOSA SUITE CON BALCÓN EN LA 12 DE OCTUBRE,550,Pichincha,"Pichincha, Av. 12 de Octubre, Quito, Ecuador",1,1,87,NaN
HERMOSA SUITE FULL AMOBLADA EN LA GONZALEZ SUAREZ,500,Pichincha,"Pichincha, Gonzalez Suarez, Quito, Ecuador",1,1,110,NaN
PISO EN RENTA PARA PEQUEÑA INDUSTRIA CHILLOGALLO,400,Pichincha,"Pichincha, Chillogallo, Quito, Ecuador",NaN,NaN,215,NaN
"Departamento Dúplex de 3 dormitorios en conjunto residencial Sironi, Cumbayá",950,Pichincha,"Pichincha, Av. Interoceánica 1/2, Cumbayá, Quito, Ecuador",3,3,222,2
HERMOSA SUITE FULL AMOBLADA EN LA FLORESTA,430,Pichincha,"Pichincha, La Floresta, Quito, Ecuador",1,1,15,1
"ACOJEDOR DEPARTAMENTO AMOBLADO EN ALQUILER KENNEDY AV. SAN JORGE, 4 DORMITORIOS",610,Guayas,"Guayas, Kennedy, Guayaquil, Ecuador",4,4,205,NaN
ARRIENDO AMAZONAS CON VISTA AL PARQUE DE LA CAROLINA,500,Pichincha,"Pichincha, Av. Río Amazonas, Quito, Ecuador",3,3,140,1
Se Renta Excelente Oficina en el en Edificio Corporativo ZYRA,800,Pichincha,"Pichincha, Avenida Portugal, Quito, Ecuador",1,1,91,1
"Villa En El Sur De Guayaquil, Ciudadela Del IESS, Atrás Del Hospital Teodoro Maldonado.",350,Guayas,"Guayas, Ciudadela del Periodista, Guayaquil, Ecuador",3,1,91,1
En Renta oficina en el edificio World Trade Center,750,Pichincha,"Pichincha, Edificio World Trade Center, Avenue 12 de Octubre, Quito, Ecuador",NaN,NaN,65,NaN
DEPARTAMENTO EN ARRIENDO CIUDADELA LA SAIBA,550,Guayas,"Guayas, Ciudadela Saiba, Guayaquil, Ecuador",3,2,120,NaN
DEPARTAMENTO DE ARRIENDO SECTOR GRANDA CENTENO,500,Pichincha,"Pichincha, Granda Centeno, Quito, Ecuador",2,1,142,2
RENTO DEPARTAMENTO GRANDE SECTOR LA GASCA,330,Pichincha,"Pichincha, La Gasca, Quito, Ecuador",3,2,116,1
En Renta Lujosa Suite ubicada en el hotel MARRIOTT,1700,Pichincha,"Pichincha, Hotel Marriott Quito, Avenida Francisco de Orellana, Quito, Ecuador",2,2,92,NaN
OPORTUNIDAD ÚNICA | LOTE PLAYERO A 5 MINUTOS DE PUERTO CAYO,6500,Manabí,"Manabí, Manta, Ecuador",NaN,NaN,200,NaN
Hermoso departamento de arriendo con línea blanca sector el bosque $ 470 incluido alícuota,470,Pichincha,"Pichincha, El Bosque, Quito, Ecuador",2,2,90,1
Hermoso departamento de arriendo de oportunidad sector La prensa Av. el Maestro $320 incluido Alicuota,320,Pichincha,"Pichincha, De la Prensa Y del Maestro, Quito, Ecuador",2,2,110,1
Hermosa casa de arriendo de oportunidad $ 500 dólares sector Santa Lucía,500,Pichincha,"Pichincha, Santa Lucía, Quito, Ecuador",3,3,150,1
ARRIENDO OFICINAS CON BODEGA SECTOR CALDERON,600,Pichincha,"Pichincha, Calderón, Quito, Ecuador",NaN,1,170,2
Hermosa casa en conjunto Cordillera,500,Pichincha,"Pichincha, Martín Ochoa y av Simón Bolívar (occidental)",3,3,180,2
OFICINA DE ARRIENDO SECTOR LA MARISCAL,350,Pichincha,"Pichincha, La Mariscal, Quito, Ecuador",NaN,NaN,48,NaN
"Villa en el Sur de Guayaquil, Ciudadela Del IESS, atrás del Hospital Teodoro Maldonado.",400,Guayas,"Guayas, Av Olmedo, Guayaquil 090314, Ecuador",3,1,91,1
Se Arriendan Departamentos- Ciudadela Las Orquídeas,200,Guayas,"Guayas, Avenida 1 49, Las Orquídeas Este, Guayaquil, Ecuador",2,2,80,NaN
Casa Independiente en Renta Sector Santa Ines Cumbayá,2600,Pichincha,"Pichincha, Santa Inés, Quito, Ecuador",3,3,300,4
EN RENTA TERRENO COMERCIAL CERCA DE LA AV. ILALÓ,2500,Pichincha,"Pichincha, Av. Ilaló, Quito, Ecuador",NaN,NaN,NaN,NaN
ESPACIOSO DEPARTAMENTO EN RENTA SECTOR BILOXI,280,Pichincha,"Pichincha, Biloxi, Quito, Ecuador",3,2,117,1
"RENTA DE SUITE SEMIAMOBLADA,CUMBAYA scala shopping",550,Pichincha,"Pichincha, Cumbayá, Quito, Ecuador",1,1,68,NaN
RENTO LOCAL COMERCIAL CON BODEGA EN CHILLOGALLO,300,Pichincha,"Pichincha, Chillogallo, Quito, Ecuador",NaN,NaN,37,NaN
EN RENTA CASA AMOBLADA EN EL CENTRO HISTORICO,1100,Pichincha,"Pichincha, Centro Histórico, Quito, Ecuador",4,4,700,NaN
"Arriendo Suite Amoblada, La Mariscal",450,Pichincha,"Pichincha, La Mariscal, Quito, Ecuador",1,2,60,1
Arriendo departamento sector cultural La Floresta,425,Pichincha,"Pichincha, Avenida Ladrón de Guevara & Barcelona, Quito, Ecuador",2,2,90,1
EN RENTA LOCAL COMERCIAL AV. PRINCIPAL CAPELO,300,Pichincha,"Pichincha, Capelo, Quito, Ecuador",NaN,NaN,70,NaN
EN RENTA OFICINA SECTOR DEL COLIBRÍ-SANGOLQUÍ,180,Pichincha,"Pichincha, El Colibrí, Avenida General Rumiñahui, Sangolquí, Ecuador",NaN,NaN,27,NaN
EN RENTA OFICINA SECTOR DEL COLIBRÍ-SANGOLQUÍ,160,Pichincha,"Pichincha, El Colibrí, Avenida General Rumiñahui, Sangolquí, Ecuador",NaN,NaN,24,NaN
Suite sector universidad Católica,350,Pichincha,"Pichincha, Toledo & Madrid, Quito 170143, Ecuador",1,1,70,1
EXCELENTE UBICACION LOCAL COMERCIAL RENTA (118M2 – RUMIPAMBA),850,Pichincha,"Pichincha, Veracruz & Avenida de la República, Quito, Ecuador",3,2,118,2
CASA COMERCIAL EXCELENTE UBICACION RENTA (200M2 – RUMIPAMBA),1500,Pichincha,"Pichincha, Veracruz & Avenida de la República, Quito, Ecuador",5,2,200,3
BODEGA COMERCIAL UBICACION ESTRATEGICA DE RENTA (87M2 – RUMIPAMBA),450,Pichincha,"Pichincha, Veracruz & Avenida de la República, Quito, Ecuador",1,1,87,NaN
LOCAL EN RENTA A ESTRENAR DE 26M2 (EDF. AMELIA) MASTODONTES,200,Pichincha,"Pichincha, Mastodontes, Quito, Ecuador",1,1,26,NaN
"Arriendo Departamento 3 Dormitorios, La Mariscal",697,Pichincha,"Pichincha, La Mariscal, Quito, Ecuador",3,2,110,2
CONFORTABLE DEP. EXCELENTE UBICACION RENTA (75 MT2) RUMIPAMBA,300,Pichincha,"Pichincha, Antonio de Ulloa & Avenida Atahualpa, Quito, Ecuador",2,2,75,NaN
DEPARTAMENTO EN RENTA,450,Pichincha,"Pichincha, Nuñez de Vela & Juan José de Villalengua, Quito, Ecuador",2,2,95,1
Casa en Renta 2 pisos – Quito,350,Pichincha,"Pichincha, Rio Peripa, Quito, Ecuador",3,2,90,1
SE VENDEN EXCELENTES LOTES DE TERRENO COMERCIALES EN LA VIA EL CAMBIO CERCA AL PARQUE EN LA VIA PRINCIPAL,125,El Oro,"El Oro, El Cambio, Machala, Ecuador",10,10,5970,20
"Arriendo Suite Amoblada, Av. America, Rumipamba",340,Pichincha,"Pichincha, Av. América, Quito, Ecuador",1,1,50,NaN
SE VENDEN DOS LOTES DE TERRENOS COMERCIALES EN LA PARROQUIA EL CAMBIO FRENTE A LA VIA PRINCIPAL,125,El Oro,"El Oro, Parroquia El Cambio, Machala",NaN,NaN,5970,10
Renta de Suite Semi – Amoblada Sector La Carolina,550,Pichincha,"Pichincha, La Carolina, Quito, Ecuador",1,1,70,1
Renta de Consultorio Sector Eloy Alfaro y Alemania,500,Pichincha,"Pichincha, Fortune Plaza Business Center, Avenida Eloy Alfaro, Quito, Ecuador",NaN,1,45,1
Renta Oficina Sector La Carolina,750,Pichincha,"Pichincha, Avenida Republica del Salvador & Avenida de los Shyris, Quito, Ecuador",NaN,1,80,1
Departamento en Venta/renta Sector Real Audiencia,517,Pichincha,"Pichincha, Real Audiencia, Quito, Ecuador",2,2,96,1
LINDA OFICINA EN LA AV. COLON Y AMAZONAS ARRIENDO,350,Pichincha,"Pichincha, Av. Cristóbal Colón & Avenida Río Amazonas, Quito, Ecuador",NaN,NaN,51,NaN
"Arriendo Departamento 3 Dormitorios + Estudio, La Mariscal",550,Pichincha,"Pichincha, La Mariscal, Quito, Ecuador",3,3,140,1
EN RENTA OFICINA EN EL CENTRO DE SANGOLQUÍ OFICINA 4,130,Pichincha,"Pichincha, Sangolqui, Sangolquí, Ecuador",NaN,NaN,28,NaN
EN RENTA OFICINA EN EL CENTRO DE SANGOLQUÍ OFICINA 3,170,Pichincha,"Pichincha, Sangolqui, Sangolquí, Ecuador",NaN,NaN,52,NaN
EN RENTA OFICINA EN EL CENTRO DE SANGOLQUÍ OFICINA 2,120,Pichincha,"Pichincha, Sangolqui, Sangolquí, Ecuador",NaN,NaN,23,NaN
EN RENTA OFICINA EN EL CENTRO DE SANGOLQUÍ OFICINA 1,140,Pichincha,"Pichincha, Sangolqui, Sangolquí, Ecuador",NaN,NaN,30,NaN
EN RENTA OFICINA EN EL CENTRO DE SANGOLQUÍ,150,Pichincha,"Pichincha, Sangolqui, Sangolquí, Ecuador",NaN,NaN,38,NaN
TERRENO EN VENTA COLINAS DE BRICENO TERRENO 1,6500,Manabí,"Manabí, San Vicente, Ecuador",NaN,NaN,NaN,NaN
EN RENTA NAVE INDUSTRIAL – VÍA SANGOLQUÍ AMAGUAÑA,3000,Pichincha,"Pichincha, Amaguaña, Quito, Ecuador",NaN,NaN,600,NaN
Local de Arriendo ubicado en el Colibri,600,Pichincha,"Pichincha, El Colibrí, Avenida General Rumiñahui, Sangolquí, Ecuador",NaN,NaN,100,NaN
SE RENTA DE SUITE EN LA PRIMAVERA,450,Pichincha,"Pichincha, La Primavera, Quito, Ecuador",1,1,45,1
LOCAL COMERCIAL DE RENTA GUAMANÍ SUR DE QUITO,3900,Pichincha,"Pichincha, Guamaní, Quito, Ecuador",NaN,NaN,286,12
ARRIENDO AMPLIA CASA EN EL SECTOR DE CONOCOTO,940,Pichincha,"Pichincha, Conocoto, Quito, Ecuador",3,4,840,NaN
RENTA AMPLIO DEPARTAMENTO SECTOR ELOY ALFARO,550,Pichincha,"Pichincha, Av. Eloy Alfaro, Quito, Ecuador",3,2,132,1
LOCAL DE ARRIENDO TORRES SANTA FE 6 DE DICIEMBRE,750,Pichincha,"Pichincha, Av. 6 de Diciembre, Quito, Ecuador",NaN,NaN,135,NaN
TERRENO EN BALCONES DE TAPAILA – ESMERALDAS,7000,Esmeraldas,"Esmeraldas, BALCONES DE TAPAILA, Troncal del Pacífico, Ecuador",NaN,NaN,NaN,NaN
"RENTO 2DO PISO DE EDIF 3 AMBIENTES, SANGOLQUI",1200,Pichincha,"Pichincha, Sangolqui, Sangolquí, Ecuador",NaN,NaN,395,NaN
Arriendo Departamento 3 dormitorios,350,Pichincha,"Pichincha, Asunción & Canada, Quito, Ecuador",3,NaN,120,NaN
CASA EN EL SECTOR DE LA ARMENIA LA RIBERA,1800,Pichincha,"Pichincha, La Armenia, Quito, Ecuador",3,3,485,5
DEPARTAMENTO EN RENTA SEMI AMOBLADO QUITO TENNIS,700,Pichincha,"Pichincha, Quito Tenis, Quito, Ecuador",2,1,85,1
EN RENTA DEPARTAMENTO DE 3 HAB. CENTRO HISTORICO,280,Pichincha,"Pichincha, Centro Histórico, Quito, Ecuador",3,1,95,NaN
"ARRIENDO OFICINA, BODEGA, DEPARTAMENTO",3000,Pichincha,"Pichincha, La Gasca, Quito, Ecuador",5,2,1500,NaN
"Quito Tenis, Exclusivo y bello depto de 90 M2",500,Pichincha,"Pichincha, Los Cabildos 112, Quito, Ecuador",2,2,90,2
Hermoso departamento de arriendo sector Ponceano alto 3 dormitorios $450 incluido Alicuota,450,Pichincha,"Pichincha, Ponceano Alto, Quito, Ecuador",3,2,120,1
Hermosa casa de arriendo de oportunidad sector La Pampa $600,600,Pichincha,"Pichincha, La Pampa, Quito, Ecuador",3,3,140,2
RENTO OFICINA CON O SIN MENAJE EL COLIBRI SANGOLQU,900,Pichincha,"Pichincha, Sangolqui, Sangolquí, Ecuador",NaN,NaN,98,NaN
RENTO OFICINAS EN PLAZA COLIBRI SANGOLQUI 88M2,690,Pichincha,"Pichincha, Sangolqui, Sangolquí, Ecuador",NaN,NaN,88,NaN
RENTO OFICINAS EN PLAZA COLIBRI SANGOLQUI 86M2,675,Pichincha,"Pichincha, Sangolqui, Sangolquí, Ecuador",NaN,NaN,86,NaN
Alquila la oficina para tu negocio en Yaruquí,450,Pichincha,"Pichincha, Yaruquí, Quito, Ecuador",NaN,NaN,180,NaN
RENTO OFICINAS EN PLAZA COLIBRI SECTOR SANGOLQUI,705,Pichincha,"Pichincha, Sangolqui, Sangolquí, Ecuador",NaN,NaN,90,NaN
Departamento en Renta en el Sector de La Kennedy,280,Pichincha,"Pichincha, La Kennedy, Quito, Ecuador",2,1,70,NaN
Departamento de Arriendo en Ponceano,250,Pichincha,"Pichincha, Calles Orianga N63-159 y de los Cedros.",2,1,65,1
RENTA EXCLUSIVO DEPARTAMENTO EDF. BÔ QUITO TENNIS,900,Pichincha,"Pichincha, Quito Tenis, Quito, Ecuador",3,2,120,2
EN RENTA DEPARTAMENTO SECTOR 6 DE DICIEMBRE,550,Pichincha,"Pichincha, Av. 6 de Diciembre, Quito, Ecuador",3,2,90,NaN
RENTA CASA – 150m2 – EL CONDADO,450,Pichincha,"Pichincha, Rio Pucuno & Rio Bigal, Quito, Ecuador",3,2,150,2
RENTA SUITE – 55m2 – EL INCA,350,Pichincha,"Pichincha, Avenida de Las Palmeras & De los Madroños, Quito, Ecuador",1,1,55,NaN
RENTA DEPARTAMENTO – 120m2 -LA CAROLINA,690,Pichincha,"Pichincha, El Comercio & El Tiempo, Quito 170102, Ecuador",3,1,120,1
EN RENTA LOCAL DE 6M2 SECTOR COLIBRÍ LOCAL 5,190,Pichincha,"Pichincha, El Colibrí, Avenida General Rumiñahui, Sangolquí, Ecuador",NaN,NaN,6,NaN
RENTO LOCALES COMERCIALES UBICADOS SECTOR COLIBRÍ LOCAL 4,420,Pichincha,"Pichincha, El Colibrí, Avenida General Rumiñahui, Sangolquí, Ecuador",NaN,NaN,12,NaN
RENTO LOCAL COMERCIAL PLANTA BAJA SECTOR COLIBRÍ LOCAL 3,1090,Pichincha,"Pichincha, El Colibrí, Avenida General Rumiñahui, Sangolquí, Ecuador",NaN,NaN,162,NaN
RENTO LOCALES COMERCIALES UBICADOS SECTOR COLIBRÍ LOCAL 2,665,Pichincha,"Pichincha, El Colibrí, Avenida General Rumiñahui, Sangolquí, Ecuador",NaN,NaN,108,NaN
RENTO LOCALES COMERCIALES UBICADOS SECTOR COLIBRÍ LOCAL 1,655,Pichincha,"Pichincha, El Colibrí, Avenida General Rumiñahui, Sangolquí, Ecuador",NaN,NaN,106,NaN
RENTO LOCALES COMERCIALES UBICADOS SECTOR COLIBRÍ,585,Pichincha,"Pichincha, El Colibrí, Avenida General Rumiñahui, Sangolquí, Ecuador",NaN,NaN,95,35
"ARRIENDO DEPARTAMENTO CON EXCELENTE UBICACIÓN, 2 HABITACIONES, AMOBLADO O SIN AMOBLAR, $5OO",500,Pichincha,"Pichincha, Juan Montalvo N2-168 y, Quito 170157, Ecuador",2,1,70,NaN
ARRIENDO DEPARTAMENTO CON EXCELENTE UBICACIÓN.,650,Pichincha,"Pichincha, Cumbaya, Ecuador",3,2,180,2
SE RENTA DEPARTAMENTO EN CONJUNTO EN CONOCOTO,370,Pichincha,"Pichincha, Conocoto, Quito, Ecuador",3,2,100,1
Departamento en Renta sector La Carolina,350,Pichincha,"Pichincha, La Carolina, Quito, Ecuador",3,1,100,NaN
DEPARTAMENTO EN RENTA SECTOR KENNEDY,415,Pichincha,"Pichincha, La Kennedy, Quito, Ecuador",3,2,103,2
En Arriendo bonita Oficina Sector La Pradera,700,Pichincha,"Pichincha, La Pradera, Quito, Ecuador",NaN,NaN,94,NaN
Habitación en Renta en el Sector la Carolina hab. 2,120,Pichincha,"Pichincha, La Carolina, Quito, Ecuador",1,1,15,NaN
RENTA OFICINA- 60m2 – CENTRO NORTE DE QUITO,470,Pichincha,"Pichincha, Batan Bajo, Quito, Ecuador",NaN,1,60,NaN
LOCAL DE ARRIENDO EN LAS CASAS QUITO,490,Pichincha,"Pichincha, Las Casas, Quito, Ecuador",NaN,2,70,NaN
DEPARTAMENTO EN ALQUILER SECTOR PINAR BAJO,550,Pichincha,"Pichincha, Teniente Homero Salas, Quito, Ecuador",3,3,150,1
Departamento en Renta sector La Carolina,350,Pichincha,"Pichincha, La Carolina, Quito, Ecuador",3,1,90,NaN
"SUITE AMOBLADA DE ARRIENDO , SECTOR LA CAROLINA",750,Pichincha,"Pichincha, Avenida de los Shyris & Avenida Naciones Unidas, Quito, Ecuador",1,2,72,1
EN RENTA-LOCAL COMERCIAL SECTOR VERSALLES,200,Pichincha,"Pichincha, Versalles, Quito, Ecuador",NaN,NaN,30,NaN
"Arriendo Departamento 3 Dormitorios + Estudio, Mañosca",450,Pichincha,"Pichincha, Mañosca & Avenida Occidental, Quito, Ecuador",3,3,130,1
"Arriendo Departamento 2 Dormitorios, Mañosca",350,Pichincha,"Pichincha, Mañosca & Avenida Occidental, Quito, Ecuador",2,2,105,1
ARRIENDO OFICINA-142m2-REPÚBLICA DEL SALVADOR,900,Pichincha,"Pichincha, Av. República de El Salvador, Quito 170102, Ecuador",NaN,NaN,142,2
Departamento sector República del Salvador,700,Pichincha,"Pichincha, Finlandia N36-83 y Suecia",3,3,178,2
ARRIENDO BODEGA Y OFICINAS. ESQUIENERO. (BELLAVISTA DE CALDERÓN),900,Pichincha,"Pichincha, Bellavista, Quito, Ecuador",4,3,646,NaN
ARRIENDO OFICINA-142m2-REPÚBLICA DEL SALVADOR,900,Pichincha,"Pichincha, Av. República de El Salvador, Quito, Ecuador",NaN,NaN,142,2
RENTA DEPARTAMENTO – 115m3 – SAN RAFAEL,383,Pichincha,"Pichincha, Av. Gral. Rumiñahui & Isla Floreana, Quito, Ecuador",2,3,115,1
RENTA MODERNA OFICINA – 96m2 – LA CORUÑA,480,Pichincha,"Pichincha, Av. La Coruña & San Ignacio, Quito, Ecuador",NaN,NaN,96,NaN
Hermoso departamento embajada Americana (colegio SEK) edificio inteligente $500,500,Pichincha,"Pichincha, Av. Avigiras, Av. Eloy Alfaro E12-170 y, Quito 170124, Ecuador",3,2,100,1
Hermoso departamento Edificio inteligente sector Ponceano Alto,400,Pichincha,"Pichincha, Ponceano Alto, Quito, Ecuador",2,2,100,1
Hermosa casa 3 platas sector embajada Américana,480,Pichincha,"Pichincha, Embajada americana, Quito, Ecuador",3,2,100,2
Alquiler de Departamento 2do Piso Alto en Garzota Norte de Guayaquil,400,Guayas,"Guayas, Garzota II, Guayaquil, Ecuador",2,1,68,NaN
AMPLIA HERMOSA CASA ARRIENDO MITAD DEL MUNDO QUITO,350,Pichincha,"Pichincha, Padre Rumi E1-10, Quito, Ecuador",5,4,170,1
"ARIENDO DEPARTAMENTO DUPLEX CONJUNTO SOL DEL SUR, QUITUMBE",220,Pichincha,"Pichincha, Av. Cóndor Ñan, Quito, Ecuador",3,2,100,1
TERRENOS DE VENTA A 10 MINUTOS DE LA PLAYA,7840,Esmeraldas,"Esmeraldas, Atacames, Ecuador",NaN,NaN,NaN,NaN
"Arriendo Consultorio Medico, La Mariscal",280,Pichincha,"Pichincha, La Mariscal, Quito, Ecuador",NaN,1,43,1
"Arriendo Departamento 2 Dormitorios, Casablanca",140,Esmeraldas,"Esmeraldas, Casablanca, same",2,2,80,1
Suite en renta sector Granda Centeno,450,Pichincha,"Pichincha, Granda Centeno, Quito, Ecuador",1,1,68,NaN
"Arriendo Departamento 4 Dormitorios + Estudio, Gonzalez Suarez",1000,Pichincha,"Pichincha, Gonzalez Suarez, Quito, Ecuador",4,6,285,2
Hermoso departamento con Terraza propia de arriendo sector Ponceano Alto,400,Pichincha,"Pichincha, Ponceano, Ecuador",3,2,140,1
Linda Casa de oportunidad $380 sector Ponceano alto,380,Pichincha,"Pichincha, Ponceano Alto, Quito, Ecuador",3,2,100,1
"Hermosa Casa de Arriendo en Mirasierra, Valle de Los Chillos",500,Pichincha,"Pichincha, Mirasierra, Quito, Ecuador",3,3,140,2
Hermoso departamento de arriendo sector Ponceano Alto  2 dormitorios,380,Pichincha,"Pichincha, Ponceano Alto, Quito, Ecuador",2,2,80,1
Hermoso departamento de arriendo el bosque 2 dormitorios,500,Pichincha,"Pichincha, El Bosque, Quito, Ecuador",2,2,100,1
"Se arrienda departamento en Cumbaya, sector la Primavera.",1200,Pichincha,"Pichincha, Cumbayá, Quito, Ecuador",2,3,130,2
AMPLIA Y HERMOSA CASA DE RENTA EN SAN RAFAEL,1400,Pichincha,"Pichincha, San Rafael, Ecuador",4,2,473,1
"Arriendo Bodega, sector Ana Maria Bajo, Occidental",590,Pichincha,"Pichincha, Ana Maria Bajo, Quito, Ecuador",NaN,1,175,NaN
Se Renta Amplio Departamento en el Sector de la Unión Nacional Cerca del Centro Comercial el Bosque,690,Pichincha,"Pichincha, Marcos Jofre, Quito, Ecuador",4,4,230,1
Arriendo departamento en San Carlos frente al parque ingles,250,Pichincha,"Pichincha, Av. Mariscal Sucre, Quito, Ecuador",3,2,80,NaN
Arriendo Departamento Amoblado 2 Dorm. Centro Histórico,650,Pichincha,"Pichincha, Centro Histórico, Quito, Ecuador",2,3,114,1
"Arriendo Departamento Amoblado 3 Dorm. + Servicio, El Batán Bajo",600,Pichincha,"Pichincha, El Batán, Quito, Ecuador",3,3,115,1
"Vendo Terrenos de 200m2 Listos Para Construir en Cayo Beach, Avista Las Ballenas Jorobadas en Puerto Cayo, Jipijapa, Manabí, Ecuador; Ventas: +593987213710",3840,Manabí,"Manabí, Puerto Cayo, Ecuador",1,1,NaN,1
"Vendo Terreno en Lotización Cayo Beach con: Agua, Luz, Calles Lastradas, Piscinas, Áreas Bbq, Playa de Puerto Cayo, Jipijapa, Manabí; Llámame: 0987213710",5400,Manabí,"Manabí, Puerto Cayo, Ecuador",1,1,NaN,1
Alquiler dpto. totalmente amoblado,750,Guayas,"Guayas, Cdla. Cogra frente a Miraflores",2,1,120,1
"ARRIENDO DEPARTAMENTO, SECTOR QUICENTRO NORTE",610,Pichincha,"Pichincha, Quicentro Shopping, Avenida 6 de Diciembre, Quito, Ecuador",3,2,110,2
Se arrienda hermosa casa en la Viña,2500,Pichincha,"Pichincha, Cumbayá, Quito, Ecuador",4,5,400,4
"Arriendo Suite Amoblada, Granda Centeno",280,Pichincha,"Pichincha, Granda Centeno, Quito, Ecuador",1,1,50,1
"TU LOTE A 3 CUADRAS DE LA PLAYA DE PUERTO CAYO, JIPIJAPA, MANABI Y CONSTRUYA SU CASA PARA VACACIONAR, LOTIZACIÓN CAYO BEACH CERCA DE LOS FRAILES Y PUERTO LOPEZ; CONTACTANOS: 0987213710",6000,Manabí,"Manabí, Puerto Cayo Playa, Puerto Cayo, Ecuador",1,1,NaN,1
VENTA DE SOLARES EN LOTIZACIÓN CAYO BEACH UBICADA EN PUERTO CAYO UNA DE LAS PLAYAS MAS HERMOSAS DE LA REGION COSTA DEL ECUADOR; WHATSAPP: 0987213710,6000,Manabí,"Manabí, Puerto Cayo Playa, Puerto Cayo, Ecuador",1,1,NaN,1
"TERRENOS EN PUERTO CAYO LUGAR IDEAL PARA EL DESCANSO Y VACACIONAR, TERRENOS DE 180M2 A $5.400 CON SERVICIOS BASICOS Y AREAS RECREATIVAS; WHATSAPP: +593987213710",5400,Manabí,"Manabí, Puerto Cayo Playa, Puerto Cayo, Ecuador",1,1,NaN,1
"INVIERTE EN LA PLAYA EN PUERTO CAYO, JIPIJAPA, MANABI, LOTES DE 180M2 A 5.400 USD EN LOTIZACIÓN PRIVADA CAYO BEACH, ESCRITURAS INMEDIATAS; VENTAS: 0987213710",5400,Manabí,"Manabí, Puerto Cayo Playa, Puerto Cayo, Ecuador",1,1,NaN,NaN
Bodega de Arriendo Centro Norte de Quito Sector Hospital Metropolitano,650,Pichincha,"Pichincha, Cuero y Caicedo, Quito, Ecuador",1,1,300,1
RENTO LOCAL COMERCIAL EN VERSALLES Y PORTOVIEJO,390,Pichincha,"Pichincha, Versalles, Quito, Ecuador",NaN,1,30,NaN
"EN RENTA, LOCAL COMERCIAL EN EL SEC. LOS TULIPANES",170,Pichincha,"Pichincha, Cotocollao, Quito, Ecuador",NaN,1,20,NaN
SE ARRIENDA LOCAL COMERCIAL EN LA PRIMAVERA,800,Pichincha,"Pichincha, La Primavera, Quito, Ecuador",NaN,2,80,3
DEPARTAMENTO EN ARRIENDO 230 $ QUITO – NORTE DE QUITO – EL CONDADO – PRADOS DEL CONDADO,230,Pichincha,"Pichincha, El Condado, Quito, Ecuador",3,2,100,1
Departamento en Renta sector La Kennnedy,300,Pichincha,"Pichincha, La Kennedy, Quito, Ecuador",3,2,386,NaN
HERMOSOS DEPARTAMENTO EN RENTA SECTOR QUITO NORTE,350,Pichincha,"Pichincha, Cotocollao, Quito, Ecuador",3,1,80,NaN
EN RENTA OFICINA EJECUTIVA ESTADIO OLIMPICO,452,Pichincha,"Pichincha, Iñaquito, Quito, Ecuador",NaN,NaN,100,NaN
OFICINA EJECUTIVA EN RENTA ESTADIO OLIMPICO ATAHUA,218,Pichincha,"Pichincha, Iñaquito, Quito, Ecuador",NaN,NaN,40,NaN
OFICINA EJECUTIVA EN RENTA EN IÑAQUITO,260,Pichincha,"Pichincha, Iñaquito, Quito, Ecuador",NaN,NaN,21,NaN
SUITE CON PATIO PONCEANO ALTO / SUPERMAXI,350,Pichincha,"Pichincha, Calle 3 & Francisco Dalmau, Quito, Ecuador",1,2,67,1
SE RENTA LOCAL COMERCIAL -SECTOR CONOCOTO,1000,Pichincha,"Pichincha, Conocoto, Quito, Ecuador",NaN,1,90,1
DEPARTAMENTO EN ARRIENDO 210 $ – NORTE DE QUITO – EL CONDADO – URBANIZACIÓN PRADOS DEL CONDADO,210,Pichincha,"Pichincha, El Condado, Quito, Ecuador",3,2,90,1
DEPARTAMENTO EN GUAYAQUIL EN CIUDADEL ALBORADA 3ERA ETAPA DETRAZ DE PLAZA MAYOR PARA PERSONA SOLA O PAREJA SIN MASCOTAS,250,Guayas,"Guayas, Alborada III Etapa, Guayaquil, Ecuador",1,1,100,NaN
HERMOSO DEPARTAMENTO AMOBLADO EN RENTA / NORUEGA,900,Pichincha,"Pichincha, Noruega, Quito, Ecuador",3,2,106,1
Arriendo Local Comercial sector Andalucía,1800,Pichincha,"Pichincha, Andalucia, Quito, Ecuador",NaN,NaN,290,3
Departamento de Arriendo sector Andalucía,390,Pichincha,"Pichincha, Andalucia, Quito, Ecuador",2,1,100,NaN
Alquilo amplio consultorio en sector de la antigua Maternidad Enrique Sotomayor,900,Guayas,"Guayas, Pedro Pablo Gómez",6,4,190,NaN
Hermoso departamento duplex de arriendo sector Ponceano alto de oportunidad,500,Pichincha,"Pichincha, Ponceano Alto, Quito, Ecuador",3,3,120,2
Hermoso departamento de arriendo de oportunidad sector el bosque 3 dormitorios,550,Pichincha,"Pichincha, El Bosque, Quito, Ecuador",3,2,100,2
Hermoso departamento de arriendo de oportunidad 3 dormitorios Ponceano alto $400,400,Pichincha,"Pichincha, Ponceano Alto, Quito, Ecuador",3,3,100,1
Hermoso departamento de arriendo de oportunidad sector Shyris Carolina,500,Pichincha,"Pichincha, Avenida de los Shyris, Quito, Ecuador",2,2,85,1
Hermosa suite amoblada de arriendo de oportunidad sector Portugal,500,Pichincha,"Pichincha, Portugal, Quito, Ecuador",1,2,75,1
Bello departamento de alquiler en Mocoli,2300,Guayas,"Guayas, Isla Mocoli, Samborondón, Ecuador",3,1,220,2
Hermosa casa de arriendo de oportunidad sector Pomasqui,380,Pichincha,"Pichincha, Pomasqui, Quito, Ecuador",3,3,130,2
DEPARTAMENTO EN ARRIENDO $215 NORTE DE QUITO – EL CONDADO – PRADOS DEL CONDADO,215,Pichincha,"Pichincha, El Condado, Quito, Ecuador",3,1,90,NaN
Suite amoblada sector La Carolina Av Shyris,450,Pichincha,"Pichincha, Luxemburgo & Holanda, Quito, Ecuador",1,1,40,1
SE RENTA PROPIEDAD COMERCIAL SECTOR LA DELICIA,5000,Pichincha,"Pichincha, La Delicia, Quito, Ecuador",NaN,6,1850,NaN
LOCAL COMERCIAL VENTA/RENTA,900,Pichincha,"Pichincha, Av. Mariana de Jesús, La Pradera, Quito, Ecuador",NaN,2,120,1
ARRIENDO OFICINA SECTOR LA SHYRIS,390,Pichincha,"Pichincha, Av. de los Shyris, Quito, Ecuador",NaN,NaN,50,NaN
"ARRIENDO LOCAL PUEMBO, SERVICIOS MÉDICOS,DENTALES",350,Pichincha,"Pichincha, Puembo, Ecuador",NaN,NaN,100,NaN
RENTO DEPARTAMENTO 2 DORM.SECTOR REP. DEL SALVADOR,550,Pichincha,"Pichincha, Av República de El Salvador, Quito, Ecuador",2,1,95,1
Hermoso departamento de arriendo amoblado sector el bosque,500,Pichincha,"Pichincha, El Bosque, Quito, Ecuador",3,2,115,1
Tv: Se Renta suite vacia Sector El Inca,300,Pichincha,"Pichincha, De los Madroños, Quito, Ecuador",1,2,74,1
Tv: ARRIENDO DEPARTAMENTO SECTOR NORTE ELOY ALFARO – QUITO,350,Pichincha,"Pichincha, Monteserrin, Quito, Ecuador",2,2,90,1
Tvc: Arriendo departamento 2 dormitorios sector Tumbaco,230,Pichincha,"Pichincha, Av. Intervalles, Quito, Ecuador",2,1,67,1
Tv: Arriendo departamento 3 dormitorios sector Caminos del Sur,290,Pichincha,"Pichincha, Santa Rita, Quito 170131, Ecuador",3,3,145,NaN
Tv: Rento departamento 2 dormitorios sector Andalucia,210,Pichincha,"Pichincha, Andalucia, Quito 170104, Ecuador",2,1,65,NaN
Tv: Arriendo departamento 3 dormitorios sector Iñaquito,550,Pichincha,"Pichincha, iñaquito",3,3,110,1
ALQUILO OFICINA EN EDIFICIO TRADE BUILDING,600,Guayas,"Guayas, Avenida Jose Joaquin de Olmedo, Guayaquil, Ecuador",NaN,1,50,1
ALQUILO OFICINA CON AIRE ACONDICIONADO EN KENNEDY NORTE,720,Guayas,"Guayas, Kennedy Norte, Guayaquil, Ecuador",NaN,1,72,1
"Arriendo Departamento, 3 dormitorios amplios, Sector Eloy Alfaro entre los Guayacanes y Fresnos",420,Pichincha,"Pichincha, De los Guayacanes & De los Fresnos, Quito, Ecuador",3,2,110,1
ARRIENDO DEPARTAMENTO OCCIDENTAL SECTOR ANT,250,Pichincha,"Pichincha, Torres Constelacion, Quito, Ecuador",2,1,62,1
Renta 2 dormitorios amoblado de lujo Republica del Salvador centro norte,900,Pichincha,"Pichincha, Avenida República de El Salvador, Quito, Ecuador",2,2,120,1
OFICINA RENTA -SECT. IÑAQUITO ED.AMAZONAS,500,Pichincha,"Pichincha, Iñaquito, Quito, Ecuador",NaN,NaN,54,NaN
ARRIENDO OFICINA – SEC. IÑAQUITO BCO. AMAZONAS,500,Pichincha,"Pichincha, Iñaquito, Quito, Ecuador",NaN,NaN,30,NaN
ARRIENDO CASA AMOBLADA OFICINAS-SECTOR RUMIÑAHUI,1000,Pichincha,"Pichincha, De Los Cedros, Quito, Ecuador",NaN,NaN,224,NaN
SE ARRIENDA BONITO LOCAL COMERCIAL (AV. ILALO),325,Pichincha,"Pichincha, Av Ilaló, Quito, Ecuador",NaN,NaN,70,NaN
SE ARRIENDA BONITO LOCAL COMERCIAL LA MAGDALENA,550,Pichincha,"Pichincha, La Magdalena, Quito, Ecuador",NaN,NaN,120,NaN
Rento departamento dúplex González Suárez,1000,Pichincha,"Pichincha, González Suárez",2,3,190,2
SE ARRIENDA LOCAL EN IÑAQUITO,450,Pichincha,"Pichincha, Iñaquito, Quito, Ecuador",NaN,NaN,45,NaN
SE ALQUILA OFICINA DE IÑAQUITO,400,Pichincha,"Pichincha, Iñaquito, Quito, Ecuador",NaN,1,25,NaN
"Rento Casa Hermosa, Cumbaya, Seguridad, Conjunto, Amplios Jardines Comunales",880,Pichincha,"Pichincha, El Chaquiñán, Cumbayá, Quito, Ecuador",3,4,153,2
Renta o venta hermoso y elegante departamento Miravalle Urbanización,1200,Pichincha,"Pichincha, Miravalle, Quito, Ecuador",3,3,145,2
RENTO CASA MUY MODERNA Y ELEGANTE TANDA,3500,Pichincha,"Pichincha, Plaza del Rancho, Eugenio Espejo, Quito 170157, Ecuador",4,4,450,4
Rento hermoso departamento rústico URBANIZACIÓN TANDA,1200,Pichincha,"Pichincha, Nayón Tanda Eugenio Espejo",2,3,225,2
RENTO HERMOSA SUITE A ESTRENAR CUMBAYÁ LA PRIMAVERA,600,Pichincha,"Pichincha, Leonardo DaVinci, Cumbayá, Quito, Ecuador",1,2,60,1
TERRENO EN RENTA EN CALDERON,450,Pichincha,"Pichincha, Calderón, Quito, Ecuador",NaN,NaN,NaN,NaN
ARRIENDO OFICINA SECTOR LA CAROLINA,650,Pichincha,"Pichincha, Iñaquito, Quito, Ecuador",NaN,NaN,64,NaN
OFICINA EJECUTIVA EN RENTA REPUBLICA DEL SALVADOR,1300,Pichincha,"Pichincha, Avenida República de El Salvador, Quito, Ecuador",NaN,2,164,2
EN RENTA TERRENO PLANO SAN ANTONIO DE PICHINCHA,450,Pichincha,"Pichincha, San Antonio De Pichincha, Quito, Ecuador",NaN,NaN,NaN,NaN
EN RENTA DEPARTAMENTO LA FLORIDA,280,Pichincha,"Pichincha, La Concepción, Quito, Ecuador",3,2,70,NaN
OFICINAS DE ARRIENDO SECTOR LA CONCEPCIÓN,350,Pichincha,"Pichincha, La Concepción, Quito, Ecuador",NaN,NaN,66,NaN
Hermoso departamento de arriendo de oportunidad sector Granados UDLA,500,Pichincha,"Pichincha, De los Granados, Quito, Ecuador",3,3,110,1
"Arriendo casa en Juan Procel, Norte de Quito, sector El Condado",350,Pichincha,"Pichincha, Juan Procel, Quito, Ecuador",3,3,130,1
LOCAL EN RENTA VIA PRINCIPAL AL AEROPUERTO,500,Pichincha,"Pichincha, Pifo, Ecuador",NaN,NaN,70,NaN
LOCAL EN RENTA VIA PRINCIPAL PIFO,1200,Pichincha,"Pichincha, Pifo, Ecuador",NaN,NaN,300,NaN
Hermoso departamento de arriendo sector La Catolica,470,Pichincha,"Pichincha, Avenida Isabel la Católica, Quito, Ecuador",2,2,80,1
Rento cómodo departamento sector Los Laureles,400,Pichincha,"Pichincha, Los Laureles, Quito, Ecuador",3,3,100,NaN
OFICINA EN RENTA – AMOBLADA,380,Pichincha,"Pichincha, Mariana de Jesus & La Pradera, Quito, Ecuador",NaN,1,48,2
Arriendo casa Condado Juan Procel Norte de Quito,550,Pichincha,"Pichincha, Juan Procel, Quito 170134, Ecuador",4,4,175,2
Hermoso departamento de oportunidad sector Granados (UDLA),380,Pichincha,"Pichincha, Av. Eloy Alfaro & De los Granados, Quito 170513, Ecuador",3,2,100,1
Bodega en Arriendo sector Sangolquí,270,Pichincha,"Pichincha, Sangolquí, Ecuador",NaN,NaN,22,1
Arriendo departamento sur de Quito,100,Pichincha,"Pichincha, Nueva Aurora, Quito, Ecuador",2,1,60,NaN
Departamento Dúplex en renta sector la América,650,Pichincha,"Pichincha, Av. América & San Gabriel, Quito, Ecuador",4,2,177,1
Local Comercial en renta sector Capelo local 1,230,Pichincha,"Pichincha, Capelo, Quito, Ecuador",NaN,NaN,45,NaN
120 M2 CASA AMOBLADA RENTA SALGOLQUI JUNTO AL IESS,500,Pichincha,"Pichincha, Sangolquí, Ecuador",3,2,120,NaN
ARRIENDO TERRENO COMERCIAL AV. PRINCIPAL GEOVANNY CALLES MARIANITAS CALDERON,360,Pichincha,"Pichincha, San Patricio, Calderon, Quito, Ecuador",NaN,2,8,NaN
Hermoso departamento de arriendo de oportunidad Ponceano Alto $370,370,Pichincha,"Pichincha, Ponceano Alto, Quito, Ecuador",3,2,110,1
Hermosa suite departamento en arriendo Pinar Alto,430,Pichincha,"Pichincha, El Pinar Alto, Quito, Ecuador",1,2,70,1
Hermoso departamento de arriendo sector 6 de Diciembre y Gonzáles Suarez,500,Pichincha,"Pichincha, Gonzalez Suarez, Quito, Ecuador",3,3,120,2
Se arrienda hermosa suite amoblada Ponceano alto,350,Pichincha,"Pichincha, Ponceano Alto, Quito, Ecuador",1,1,70,1
Hermosa casa de arriendo de oportunidad $450 Ponceano alto,450,Pichincha,"Pichincha, Ponceano Alto, Quito, Ecuador",3,3,140,2
Hermoso departamento de arriendo de oportunidad $380 sector Ponceano alto tres dormitorios,380,Pichincha,"Pichincha, Ponceano Alto, Quito, Ecuador",3,2,135,2
Rento cómodo y seguro departamento en San Carlos,240,Pichincha,"Pichincha, Machala Y Vaca de Castro, Quito, Ecuador",2,1,100,1
"Rento casa, sector Ponceano",450,Pichincha,"Pichincha, Ponciano Alto, Quito, Ecuador",3,3,127,1
"ALQUILO CASA DE 2 PLANTAS MALAGA 2, VIA SALITRE",400,Guayas,"Guayas, Salitre 5, Guayaquil, Ecuador",3,3,105,2
RENTO DPTO. 3 DORMITORIOS EN LA JIPIJAPA,450,Pichincha,"Pichincha, Isla Isabela, Quito, Ecuador",3,3,136,1
AMPLIO PATIO ESQUINERO EN ZONA COMERCIAL,700,Pichincha,"Pichincha, Avenida Alonso De Angulo, Quito, Ecuador",NaN,2,80,NaN
ARRIENDO LOCAL AMPLIO EN LA VILLAFLORA,700,Pichincha,"Pichincha, Av Alonso De Angulo, Quito, Ecuador",NaN,1,100,NaN
"LOTES PARA SU CASA VACACIONAL PLAYERA O PARA SU VIVIENDA PERMANENTE, DENTRO DE LOTIZACIÓN PRIVADA EN PUERTO CAYO A 30 MINUTOS DE PUERTO LOPEZ; VENTAS: +593987213710",6000,Manabí,"Manabí, Playa de Puerto Cayo, Jipijapa, Manabi",NaN,NaN,NaN,1
Alquiler de Departamento 3 dormitorios Urb. Parque Magno,1200,Guayas,"Guayas, Parque Magno, Avenida Los Arrozales, Samborondón, Ecuador",3,3,139,2
Alquilo Bodega 212 mts via a Daule,954,Guayas,"Guayas, Vía a Daule, Guayaquil, Ecuador",NaN,NaN,212,1
SUITE BOSMEDIANO RENTA,520,Pichincha,"Pichincha, Jose Bosmediano, Quito, Ecuador",1,2,70,1
"Arriendo Quinta a 10 minutos del Aeropuerto Internacional Sucre, Sector Tumbaco Arenal Hilacryl",1000,Pichincha,"Pichincha, Rio San Pedro E4-325 y Rio Chiche",4,3,500,10
Moderno Departamento/Suite Amoblado Sector La Carolina,540,Pichincha,"Pichincha, Edificio Atelier, Avenida 6 de Diciembre, Quito, Ecuador",1,2,80,NaN
Suite Amoblada de Lujo en la Shyris,450,Pichincha,"Pichincha, De Los Shyris Y Portugal, Quito, Ecuador",1,1,50,1
"Alquiler hermoso departamento 2 dormitorios. Sector embajada americana, solca, norte de Quito.",340,Pichincha,"Pichincha, Avigiras & De los Cholanes, Quito, Ecuador",2,2,85,1
"Alquiler hermosa suite amoblada Av. República de El Salvador, norte de Quito",430,Pichincha,"Pichincha, Av República de El Salvador, Quito, Ecuador",1,1,65,1
"Alquiler departamento 3 dormitorios en San Pedro Claver, Av. La Prensa y Fernandez Salvador, norte de Quito",310,Pichincha,"Pichincha, Av. Dr. José Fernández Salvador, Quito, Ecuador",3,1,90,1
Rento Suite 75 metros sector Republica del Salvador,450,Pichincha,"Pichincha, Av. Portugal & Av República de El Salvador, Quito 170102, Ecuador",1,2,75,1
"ARRIENDO DEPARTAMENTO 3 DORMITORIOS, SECTOR UNIVERSIDAD CATÓLICA,",420,Pichincha,"Pichincha, Avenue 12 De Octubre 1076, Quito 170143, Ecuador",3,2,110,1
Alquilo 2 Departamentos grandes de 4 dormitorios Sector El Bosque,720,Pichincha,"Pichincha, El Bosque, Quito, Ecuador",4,3,230,2
Vendo o arriendo Departamento en El Condado Vicolinci,600,Guayas,"Guayas, El Condado Vicolinci, Avenida León Febres Cordero Ribadeneyra, Ecuador",2,3,121,2
"APARTAMENTOS, SUITES Y HABITACIONES AMOBLADAS Y EQUIPADAS DE ARRIENDO",400,Pichincha,"Pichincha, Francisco Robles E2-07 Y PAEZ , Quito, Ecuador",3,2,100,1
Hermoso departamento de arriendo Ponceano alto de oportunidad,450,Pichincha,"Pichincha, Ponceano Alto, Quito, Ecuador",3,3,125,1
Hermosa suite de lujo de arriendo por estrenar 6 de Diciembre,570,Pichincha,"Pichincha, 6 De Diciembre, Quito, Ecuador",1,2,75,1
Hermosa casa de arriendo por estrenar Pomasqui,400,Pichincha,"Pichincha, Pomasqui, Quito, Ecuador",3,3,95,1
Hermosa suite por estrenar Monteserrin ecopark de oportunidad,500,Pichincha,"Pichincha, Monteserrin, Quito, Ecuador",1,2,75,1
Arriendo departamento en Tonsupa Esmeraldas,508,Esmeraldas,"Esmeraldas, Av. Club del Pacífico, Tonsupa, Ecuador",3,3,140,1
Departamento de arriendo al Norte de Quito,350,Pichincha,"Pichincha, Pedro Garcia Moreno, Quito, Ecuador",3,3,110,1
SE ARRIENDA LOCAL COMERCIAL/ OFICINA / CONSULTORIO – SECTOR 9 DE OCTUBRE,245,Pichincha,"Pichincha, 9 de Octubre & Avenida Eloy Alfaro, Quito, Ecuador",2,1,49,NaN
Hermoso departamento de arriendo en Quito tenis,1100,Pichincha,"Pichincha, Quito Tenis, Quito, Ecuador",4,4,300,2
Hermoso departamento de arriendo sector Quito Tennis de oportunidad,450,Pichincha,"Pichincha, Quito Tenis, Quito, Ecuador",2,2,90,1
Hermoso departamento de arriendo de oportunidad $420 sector Brasil,420,Pichincha,"Pichincha, Avenida Brasil, Quito, Ecuador",2,1,90,1
Hermosa casa de arriendo sector colegio sek,600,Pichincha,"Pichincha, Colegio Internacional SEK - Ecuador, De los Guayacanes, Quito, Ecuador",3,3,160,2
Hermoso departamento duplex de arriendo de oportunidad Ponceano Alto,500,Pichincha,"Pichincha, Ponceano Alto, Quito, Ecuador",3,3,196,3
Hermoso departamento de arriendo sector Ponceano alto,280,Pichincha,"Pichincha, Ponceano Alto, Quito, Ecuador",2,2,85,1
Hermoso departamento de arriendo de oportunidad González Suárez,550,Pichincha,"Pichincha, Gonzalez Suarez, Quito, Ecuador",2,2,100,2
Hermoso departamento de arriendo de oportunidad sector El Pinar,350,Pichincha,"Pichincha, El Pinar, Quito, Ecuador",3,2,90,1
Casa con LOCAL COMERCIAL en arriendo – Mitad del Mundo,690,Pichincha,"Pichincha, Mitad del Mundo, 5, Quito, Ecuador",3,2,311,NaN
Hermoso departamento de arriendo sector Granda Centeno de oportunidad,530,Pichincha,"Pichincha, Granda Centeno, Quito, Ecuador",2,2,90,1
Hermoso departamento de arriendo sector Quicentro norte,600,Pichincha,"Pichincha, Quicentro Shopping, Avenida de los Shyris, Quito, Ecuador",2,3,110,2
Hermosa suite amoblada sector Bosque de oportunidad,500,Pichincha,"Pichincha, El Bosque, Quito, Ecuador",1,2,75,1
Alquilo Departamento de 2 Dormitorios en Nva. Kennedy,300,Guayas,"Guayas, Pichincha, 6º Pasaje 9 NO Kennedy Guayaquil Guayaquil",2,2,64,0
Alquilo Suite de 2 Ambientes en Nva. Kennedy,200,Guayas,"Guayas, 6º Pasaje 9 NO, Guayaquil 090512, Ecuador",1,1,24,0
Alquilo Dpto de 3 Dormitorios en Nva. Kennedy,400,Guayas,"Guayas, 6º Pasaje 9 NO Kennedy Guayaquil Guayaquil",3,2,96,0
"Alquilo City Suites Departamento Amoblado, Guayaquil",600,Guayas,"Guayas, City Suites - Luxury, Avenida Benjamín Carrión Mora, Guayaquil, Ecuador",1,1,38,1
"Alquiler Departamento Samanes, Norte de Guayaquil",350,Guayas,"Guayas, Avenida 1C NE Samanes Guayaquil Guayaquil",2,2,100,0
"Alquilo Las Cumbres, Ceibos, Guayaquil",850,Guayas,"Guayas, Urbanización Las Cumbres, Guayaquil, Ecuador",3,4,200,2
Hermoso departamento de arriendo amoblado República del Salvador Amoblado,750,Pichincha,"Pichincha, Naciones Unidas Y Republica del Salvador, Quito, Ecuador",2,3,100,1
Hermoso departamento de arriendo amoblado sector Brasil,500,Pichincha,"Pichincha, Avenida Brasil, Quito, Ecuador",2,3,100,1
Hermoso departamento de arriendo Ponceano alto de oportunidad,450,Pichincha,"Pichincha, poceano quito",3,3,100,2
Hermoso departamento de arriendo sector Quicentro norte,620,Pichincha,"Pichincha, Quicentro Shopping, Avenida de los Shyris, Quito, Ecuador",2,3,120,2
Arriendo departamento en Condominios el Inca,280,Pichincha,"Pichincha, De Los Colimes esq, Quito 170125, Ecuador",3,1,64,NaN
"Suite en alquiler, sector Plaza Artigas",400,Pichincha,"Pichincha, Destruge, Quito 170109, Ecuador",1,1.5,56.84,1
"Oficina en renta, sector Hotel Quito-Av. 12 de Octubre",2000,Pichincha,"Pichincha, La Paz, Quito, Ecuador",NaN,3,208.95,4
"Local comercial en alquiler, sector Iñaquito",800,Pichincha,"Pichincha, Juan González, Quito, Ecuador",NaN,1,60,0
"Depto de lujo, excelente vista y ubicacion.",400,Pichincha,"Pichincha, Calle B, Quito 170132, Ecuador",1,2,97,1
"COD # 081 VENTA DE MACRO LOTE DE OPORTUNIDAD, EN CHANDUY, FRENTE AL MAR.",9,Santa Elena,"Santa Elena, Chanduy, Ecuador",NaN,NaN,200000,NaN
Hermosa casa de arriendo de oportunidad sector Pomasqui $350,350,Pichincha,"Pichincha, Pomasqui, Quito, Ecuador",3,3,103,2
Hermoso departamento de arriendo de oportunidad sector Union nacional bosque,450,Pichincha,"Pichincha, Unión Nacional de Periodistas, Quito, Ecuador",3,3,130,1
Hermoso departamento de lujo en. Arriendo sector el bosque,500,Pichincha,"Pichincha, El Bosque, Quito, Ecuador",2,2,103,1
Rento Casa Av Intervalles,1400,Pichincha,"Pichincha, Av. Intervalles, Ecuador",NaN,NaN,NaN,NaN
"LAVISTA TOWERS, 50XDIA, 300XSEMANA, 550XQUINCENA, 1000XMES, SEGURIDAD Y PRIVACIDAD.",1000,Guayas,"Guayas, Los Álamos Alamos Guayaquil Guayas",2,2,70,1
Hermoso departamento de arriendo duplex sector Ponceano alto,400,Pichincha,"Pichincha, Ponceano Alto, Quito, Ecuador",2,2,85,1
Hermoso departamento de arriendo sector Gonzales Suárez,750,Pichincha,"Pichincha, Gonzalez Suarez, Quito 170517, Ecuador",2,2,130,1
Rento casa comercial sector 12 de octubre ideal para restaurantes,2500,Pichincha,"Pichincha, Avenue 12 de Octubre, Quito, Ecuador",4,4,500,8
Arriendo dos locales de oportunidad sector plaza de toros isla floreana,1100,Pichincha,"Pichincha, Avenida Isla Floreana, Quito, Ecuador",NaN,NaN,170,3
Hermoso departamento por estrenar sector Portugal,550,Pichincha,"Pichincha, Avenida Portugal, Quito, Ecuador",2,2,95,1
Renta Departamento 2 Habitaciones Republica del Salvador SECTOR QUICENTRO,650,Pichincha,"Pichincha, Av República de El Salvador, Quito 170102, Ecuador",2,2,109,1
"Departamento de arriendo, Rep. del Salvador, 120 mts, $ 600 JD",600,Pichincha,"Pichincha, Av República de El Salvador La Carolina Quito Distrito Metropolitano de Quito",2,3,120,1
DEPARTAMENTO DE DOS HABITACIONES SECTOR CAROLINA,650,Pichincha,"Pichincha, La Carolina, Quito, Ecuador",2,2,85,2
DEPARTAMENTO EN RENTA 160M2 GASPAR DE VILLAROEL $600,600,Pichincha,"Pichincha, Av. 6 de Diciembre, Quito, Ecuador",NaN,NaN,NaN,NaN
DEPARTAMENTO FRENTE AL C.C.EL BOSQUE 242M2,1200,Pichincha,"Pichincha, El Bosque, Quito, Ecuador",3,3,242,3
OFICINA SECTOR GRANDA CENTENO $550,550,Pichincha,"Pichincha, Granda Centeno, Quito 170521, Ecuador",5,3,200,1
SUITE AMOBLADO 60M2 SECTOR 12 DE OCTUBRE EN RENTA.,530,Pichincha,"Pichincha, Ave 12 de Octubre, Quito, Ecuador",1,1,60,1
"Puerto Azul, Departamento en Alquiler",600,Guayas,"Guayas, Vía a la Costa, Ecuador",2,2,77,NaN
"Urdesa Central, Suite Amoblada",400,Guayas,"Guayas, Urdesa Central, Guayaquil 090511, Ecuador",1,1,45,NaN
"RENTA MODERNO DEPARTAMENTO, SECTOR CENTRO NORTE, CATALINA ALDAZ",650,Pichincha,"Pichincha, CATALINA ALDAZ",2,2,100,1
"Hm/ San Carlos, 300 Usd! Departamento 2 Habitaciones de 60 m² en Arriendo.",300,Pichincha,"Pichincha, La Concepción Quito Distrito Metropolitano de Quito Pichincha",2,1,60,1
"Renta Suite Amoblada, Carolina, Sector Centro Norte",470,Pichincha,"Pichincha, Corea, Quito 170102, Ecuador",1,1,62,1
"Rento Departamento, Cerca Plataforma Gubernamental, Sector Centro Norte",475,Pichincha,"Pichincha, Japón, Quito 170102, Ecuador",2,1,90,1
"Rento Departamento Amoblado, Sector Republica del Salvador",850,Pichincha,"Pichincha, Av República de El Salvador, Quito 170102, Ecuador",3,3,110,1
"Arriendo Oficina Amoblada, Sector Mall El Jardin, Av Amazonas",400,Pichincha,"Pichincha, Av. Amazonas, Quito, Ecuador",NaN,1,50,NaN
"Rento Oficina Moderna Amoblada, Sector Pradera",850,Pichincha,"Pichincha, Mariana de Jesus, Quito, Ecuador",NaN,1,75,2
"Rento Bonita Suite Amoblada, Republica del Salvador",480,Pichincha,"Pichincha, Av República de El Salvador, Quito 170102, Ecuador",1,2,61,1
"Rento Local Comercial Sector Centro Norte, Granados",1500,Pichincha,"Pichincha, De los Granados, Quito, Ecuador",4,3,150,0
"RENTO SUITE MODERNA, TOTALMENTE AMOBLADA Y EQUIPADA.. CAROLINA",690,Pichincha,"Pichincha, Av. Portugal, Quito 170102, Ecuador",1 HABITACIÓN,2,60,1
"DEPARTAMENTO AMOBLADO EN RENTA TRES DORMITORIOS, REPÚBLICA DE EL SALVADOR",850,Pichincha,"Pichincha, Av República de El Salvador, Quito 170102, Ecuador",3,4,130,1
SUITE SEMIAMOBLADA EN RENTA. QUITO TENIS $360,360,Pichincha,"Pichincha, Hidalgo de Pinto Chaupicruz Quito Distrito Metropolitano de Quito",1,1,70,1
Departamento en Arriendo Bellavista,550,Pichincha,"Pichincha, Ignacio Bossano & Avenida 6 de Diciembre, Quito 170102, Ecuador",2,2,69,1
Departamento en Venta – Arriendo Carcelén/Mastodontes,300,Pichincha,"Pichincha, Jaime Roldós Aguilera & Calle E, Quito, Ecuador",2,2,84,1
Alquiló local en la 10 de Agosto y Mariana de Jesús,850,Pichincha,"Pichincha, 10 de agosto y mariana de Jesús",NaN,2,140,NaN
RENTO OFICINA EN SECTOR CAROLINA,750,Pichincha,"Pichincha, Tamayo & Avenida 6 de Diciembre, Quito 170102, Ecuador",4,2,96,2
ARRIENDO DEPARTAMENTO AMOBLADO,819,Pichincha,"Pichincha, Finlandia & Suecia, Quito, Ecuador",2,3,100,NaN
"Rento Oficina comercial Torre Boreal, Av. 12 de Octubre y Av. Colon, sector La Floresta",400,Pichincha,"Pichincha, N24-739 Avenue 12 De Octubre Mariscal Sucre Quito",NaN,1,60,1
ALQUILO SUITE TEMPORAL EN AV REPÚBLICA DEL SALVADOR,1000,Pichincha,"Pichincha, AV. REPÚBLICA DEL SALVADOR Y MOSCU",1,1,70,1
EDIFICIO EN RENTA,9000,Pichincha,"Pichincha, Avenida 10 de Agosto, Quito, Ecuador",0,6,4000,20
CASA PARA OFICINAS EN RENTA,2100,Pichincha,"Pichincha, SECTOR PLATAFORMA FINANCIERA NORTE",6,5,460,5
Casa en renta valle La ESPE,600,Pichincha,"Pichincha, Sangolquí, Ecuador",NaN,NaN,NaN,NaN
Hermoso departamento excelente sector Ponceano,500,Pichincha,"Pichincha, Ponceano",3,2,100,1
Hermosa casa De oportunidad 3 dormitorios excelente sector Ponceano Alto,480,Pichincha,"Pichincha, Ponceano Alto, Quito, Ecuador",3,3,150,1
Hermosa casa excelente sector colegio SEK quito,600,Pichincha,"Pichincha, De los Guayacanes N51, Quito 170124, Ecuador",4,3,200,2
Hm/ Sector La Pradera Usd 520 Se Arrienda Hermosa Suite Amoblada de 46 m².,520,Pichincha,"Pichincha, Diego de Almagro La Pradera Quito Distrito Metropolitano de Quito",1,1,46,1
Hm/amazonas en Renta 100 m² – Mariscal Sucre Usd 850,850,Pichincha,"Pichincha, Av. Gral. Ignacio de Veintimilla & Av. Amazonas, Quito 170143, Ecuador",2,2,100,0
Hermoso departamento 2 Dormitorios excelente sector CCI,500,Pichincha,"Pichincha, Centro Comercial Iñaquito (CCI), Quito, Ecuador",2,2,100,1
ARRIENDO CAROLINA 3 DORMITORIOS 105 M2 $600,600,Pichincha,"Pichincha, Av. Eloy Alfaro & Av. de los Shyris, Quito 170102, Ecuador",3,2,105,1
VENDO O ARRIENDO QUINTA EN TUMBACO ARENAL HILACRYL,1200,Pichincha,"Pichincha, Aurelio Dávila Cajas, Quito, Ecuador",3,2,300,4
"Se alquila suite segura, cómoda y económica",165,Guayas,"Guayas, Urbanor, Guayaquil 090510, Ecuador",1,1,32,0
Arriendo Dep. Cumbaya,300,Pichincha,"Pichincha, Rodrigo Nuñez, Quito 170184, Ecuador",2,1,100,1
Hermoso departamento de alquiler Sector El Batan,700,Pichincha,"Pichincha, El Batán, Quito, Ecuador",2,2.5,100,2
"Suite de alquiler amoblada en el Batan, ideal para estudiante!",500,Pichincha,"Pichincha, El Batán, Quito, Ecuador",1,1.5,60,1
Hermoso departamento de alquiler en el Batan,700,Pichincha,"Pichincha, El Batán, Quito, Ecuador",3,2.5,115,2
Hermoso Suite Loft amoblado de alquiler sector Whimper,550,Pichincha,"Pichincha, Whymper, Quito, Ecuador",1,2,74,1
Departamento de alquiler Urbanización El Condado,680,Pichincha,"Pichincha, Urbanización El Condado, Calle C, Quito, Ecuador",3,3,210,2
De Oportunidad casa de alquiler Urbanización El Condado SIN MUEBLES,750,Pichincha,"Pichincha, Calle C, Quito 170134, Ecuador",3,3,254,2
Alquiler suite de lujo sector El Bosque,550,Pichincha,"Pichincha, El Bosque, Quito, Ecuador",1,2,70,2
Arriendo Departamento en González Suárez,500,Pichincha,"Pichincha, Gonzalez Suarez, Quito, Ecuador",3,3,131,NaN
Arriendo Oficina Amoblada,500,Pichincha,"Pichincha, Quito, Ecuador",NaN,1,60,2
Arriendo o vendo amplia casa en San Rafael,3000,Pichincha,"Pichincha, Avenida General Enriquez & Isla San Cristobal, Quito, Ecuador",7,7,770,3
RENTA DEPARTAMENTO PONCIANO ALTO,490,Pichincha,"Pichincha,",3,2,180,1
Arriendo Suite Amoblada Estreno Carolina,600,Pichincha,"Pichincha, Avenida Eloy Alfaro, Quito, Ecuador",1,1,57,1
Arriendo Suite Amoblada República del Salvador,500,Pichincha,"Pichincha, La Carolina Quito Distrito Metropolitano de Quito Pichincha",1,1,65,1
Amplio departamento de alquiler Urbanización El Condado,500,Pichincha,"Pichincha, Calle C, Quito 170134, Ecuador",3,3,150,2
Departamento de arriendo Sector El Bosque,850,Pichincha,"Pichincha, El Bosque, Quito, Ecuador",3,2.5,140,2
Departamento de alquiler sector La Carolina por estrenar,800,Pichincha,"Pichincha, La Carolina, Quito, Ecuador",3,3.5,127,2
Casa de alquiler en Santa Lucia,550,Pichincha,"Pichincha, Santa Lucia, Quito, Ecuador",4,3.5,160,1
Céntrico departamento en arriendo Sector La Carolina,650,Pichincha,"Pichincha, La Carolina, Quito, Ecuador",2,2.5,100,1
Hermosa Casa de Lujo con piscina independiente de arriendo en Pusuqui,2500,Pichincha,"Pichincha, Pusuqui, Quito, Ecuador",4,5,700,5
SUITE DE ALQUILER AMOBLADA SECTOR MALL DEL SOL,800,Guayas,"Guayas, Av de Las Américas, Guayaquil 090513, Ecuador",1,1,80,1
SUITE DE ALQUILER TOTALMENTE AMOBLADA SECTOR MALL DEL SOL,800,Guayas,"Guayas, Av de Las Américas, Guayaquil, Ecuador",1,1,85,1
Lindo departamento semi amoblado de arriendo Sector Monteserrin,800,Pichincha,"Pichincha, Monteserrin, Quito, Ecuador",3,4,138,2
De oportunidad Galpón de arriendo Sector Pusuqui,4500,Pichincha,"Pichincha, Pusuqui, Quito, Ecuador",NaN,2,1000,3
Amplia y hermosa oficina en alquiler sector Batán bajo,700,Pichincha,"Pichincha, Batan Bajo, Quito, Ecuador",5,1,180,1
De oportunidad terreno en arriendo Sector Ponceano,1500,Pichincha,"Pichincha, Ponciano Alto, Quito, Ecuador",NaN,NaN,NaN,NaN
Amplio departamento amoblado en alquiler Sector Quito Tenis,1200,Pichincha,"Pichincha, Quito Tenis, Quito, Ecuador",3,3,190,2
Almacén de 2 plantas en arriendo Sector Calderón,4900,Pichincha,"Pichincha, Calderón, Quito, Ecuador",NaN,2,700,1
Precioso Departamento en alquiler Sector El Batán,740,Pichincha,"Pichincha, El Batán, Quito, Ecuador",3,3,140,2
Céntrico departamento en arriendo Sector República del Salvador,780,Pichincha,"Pichincha, Naciones Unidas Y Republica del Salvador, Quito, Ecuador",3,2.5,183,2
Departamento de alquiler en Sector Quito Tenis,1700,Pichincha,"Pichincha, Quito Tenis, Quito, Ecuador",3,3.1,271,2
Hermoso departamento de alquiler Sector El Condado,550,Pichincha,"Pichincha, Urbanización El Condado, Calle C, Quito, Ecuador",2,2.5,115,2
